idEmp;prenomEmp;nomEmp;salaireEmp
1;James;Rutherford;4691
2;Woodrow;Lyndon;7230
3;Calvin;Benjamin;9143
4;Richard;Ulysses;7550
5;Andrew;Calvin;4883
6;Richard;Rutherford;8582
7;Warren;Jimmy;9620
8;Bill;Millard;2482
9;Bill;Benjamin;4895
10;Franklin;Harry;3607
11;Jimmy;Jimmy;4479
12;Martin;Martin;5528
13;Gerald;Herbert;6462
14;James;Warren;4337
15;Gerald;Gerald;6421
16;Benjamin;Grover;6855
17;Herbert;Herbert;5397
18;Grover;Herbert;5937
19;Dwight;Thomas;6098
20;Andrew;Dwight;6312
21;Ulysses;Warren;9680
22;Dwight;George;4116
23;William;Thomas;4141
24;George;William;3399
25;Woodrow;Andrew;8211
26;William;Dwight;3466
27;Jimmy;Theodore;2990
28;Gerald;Herbert;6158
29;James;Rutherford;2460
30;Calvin;Herbert;4126
31;Zachary;Thomas;2562
32;Martin;Grover;6809
33;Harry;Lyndon;4104
34;Warren;Harry;4162
35;Calvin;Martin;5585
36;Richard;Theodore;2541
37;Ronald;William;5976
38;Bill;Martin;9749
39;Chester;Dwight;5690
40;James;James;4249
41;Herbert;Lyndon;9058
42;Ronald;Thomas;3563
43;John;Grover;2884
44;Thomas;Millard;7309
45;Bill;John;6985
46;Rutherford;Theodore;4053
47;James;Andrew;8398
48;William;Rutherford;5620
49;Grover;Grover;7068
50;Rutherford;Warren;9645
51;Jimmy;Theodore;7359
52;Rutherford;George;8942
53;Warren;Ulysses;4092
54;Abraham;Lyndon;8986
55;Bill;Jimmy;4076
56;Warren;Harry;8607
57;Dwight;Jimmy;4030
58;John;Rutherford;5603
59;Andrew;Lyndon;3248
60;Gerald;Ulysses;3854
61;Lyndon;Grover;4985
62;Rutherford;Calvin;4321
63;Herbert;Rutherford;8494
64;Abraham;Benjamin;3168
65;Franklin;Harry;4061
66;Woodrow;Martin;8020
67;William;William;3464
68;Andrew;Zachary;5716
69;Jimmy;Millard;3581
70;Martin;Rutherford;3360
71;Herbert;Lyndon;5794
72;George;Millard;5230
73;William;Theodore;2780
74;Richard;James;7315
75;Dwight;George;4136
76;Woodrow;Calvin;4526
77;William;Thomas;5934
78;Ronald;Calvin;8655
79;Lyndon;Millard;5646
80;Calvin;Warren;4829
81;Theodore;George;2732
82;George;Bill;4937
83;Warren;Herbert;7801
84;Thomas;James;8626
85;Warren;John;8451
86;Harry;Chester;6141
87;Benjamin;Harry;7279
88;Andrew;Franklin;4684
89;Dwight;Rutherford;4855
90;Thomas;Thomas;6417
91;Herbert;Warren;6879
92;Jimmy;Jimmy;8375
93;James;Dwight;8652
94;Theodore;Millard;5971
95;Ronald;Thomas;2402
96;Jimmy;Warren;7826
97;James;Warren;7776
98;Harry;George;6114
99;Millard;Gerald;3427
100;Abraham;Warren;6094
101;Harry;Dwight;9037
102;Ulysses;Gerald;3413
103;Ulysses;George;6554
104;Theodore;Jimmy;4871
105;Franklin;Richard;3046
106;Harry;Andrew;8999
107;Rutherford;Millard;6231
108;Woodrow;Bill;7974
109;Zachary;Ulysses;6885
110;Jimmy;Benjamin;8721
111;Harry;George;3874
112;Millard;Warren;5777
113;Thomas;Lyndon;9506
114;Benjamin;Rutherford;7497
115;Dwight;Ronald;9000
116;James;Woodrow;4768
117;Ulysses;Grover;2744
118;Jimmy;Gerald;7936
119;Rutherford;George;3852
120;Woodrow;Gerald;3249
121;Millard;James;9452
122;Lyndon;Martin;8125
123;Warren;Warren;8553
124;Chester;Warren;7976
125;Bill;Thomas;9055
126;Ulysses;Calvin;7315
127;Ronald;Jimmy;7635
128;Woodrow;Ronald;7649
129;Jimmy;Millard;8452
130;Calvin;Ronald;6961
131;Gerald;Bill;9746
132;Jimmy;Woodrow;4916
133;Millard;Jimmy;4246
134;Gerald;James;4373
135;Gerald;William;2640
136;Richard;Richard;6361
137;Theodore;Millard;9244
138;Richard;Andrew;4868
139;Richard;Zachary;3825
140;James;Millard;9613
141;Abraham;Millard;7561
142;Calvin;Bill;4008
143;Gerald;Benjamin;7298
144;Rutherford;Theodore;6495
145;Abraham;Herbert;3759
146;Dwight;Bill;3322
147;Thomas;Ulysses;7573
148;Martin;Woodrow;8282
149;Woodrow;Dwight;3342
150;Calvin;John;2499
151;Thomas;Grover;7210
152;Gerald;Gerald;2445
153;Theodore;James;5549
154;Franklin;Zachary;7158
155;Martin;James;9307
156;Benjamin;Jimmy;2949
157;Grover;Chester;7843
158;Richard;Benjamin;8468
159;Rutherford;Calvin;5991
160;Franklin;Ulysses;8206
161;Franklin;James;10000
162;Warren;Andrew;9281
163;Ulysses;George;4120
164;John;Grover;8986
165;Franklin;Martin;3482
166;Herbert;Ulysses;4570
167;William;James;5470
168;James;Dwight;7364
169;Franklin;Calvin;7249
170;Martin;Dwight;2663
171;Woodrow;Harry;6219
172;Theodore;Franklin;8684
173;Martin;Harry;7015
174;Grover;Herbert;6413
175;Ulysses;Calvin;5507
176;Herbert;Grover;2452
177;James;Rutherford;7393
178;Gerald;Harry;6080
179;Gerald;Theodore;4134
180;Dwight;Theodore;9274
181;Jimmy;Grover;7946
182;Ulysses;William;4678
183;Richard;James;9119
184;Rutherford;Richard;5213
185;Jimmy;Ronald;9074
186;Theodore;Lyndon;8286
187;Grover;William;8875
188;Chester;Millard;6093
189;Ronald;Herbert;9443
190;Gerald;Ulysses;3925
191;Martin;Herbert;5348
192;Richard;Ronald;8823
193;Calvin;Richard;4046
194;Rutherford;Benjamin;3296
195;John;Ulysses;4992
196;Gerald;Warren;3113
197;Ronald;Martin;3086
198;Grover;Richard;8675
199;Andrew;Warren;2998
200;Andrew;William;7845
201;Bill;Harry;5823
202;Bill;Franklin;2487
203;Franklin;Thomas;4037
204;Dwight;Richard;9332
205;Ulysses;James;7104
206;Franklin;Lyndon;6835
207;Chester;Ronald;7846
208;James;Herbert;4367
209;Harry;Franklin;8793
210;Thomas;Bill;9950
211;Millard;Warren;6555
212;Ronald;Richard;7441
213;Harry;Theodore;3237
214;Andrew;Lyndon;2468
215;Zachary;James;5046
216;Harry;James;9077
217;Ronald;Warren;6491
218;Gerald;Thomas;2636
219;Herbert;George;7519
220;Harry;William;7076
221;Rutherford;Bill;4486
222;Theodore;Franklin;7379
223;William;Benjamin;2778
224;George;George;9934
225;Benjamin;William;9653
226;John;Harry;4333
227;Ronald;Benjamin;7153
228;George;Andrew;8056
229;Andrew;Franklin;9073
230;Millard;Franklin;9294
231;Bill;Lyndon;5017
232;Gerald;Ulysses;4606
233;Ronald;Gerald;6499
234;Bill;Lyndon;9979
235;Franklin;Ulysses;6215
236;George;Thomas;4918
237;Bill;Herbert;8267
238;Millard;Benjamin;4734
239;Chester;Gerald;3671
240;Dwight;Andrew;4707
241;Ronald;Richard;7297
242;Woodrow;Richard;5175
243;Gerald;Abraham;4720
244;Ulysses;Gerald;6362
245;Ulysses;Lyndon;4836
246;Lyndon;Woodrow;4155
247;Jimmy;Warren;6207
248;William;Herbert;5421
249;Thomas;Ulysses;5447
250;Harry;Richard;8427
251;Ronald;Jimmy;9769
252;Millard;Warren;7107
253;Harry;Franklin;8339
254;Theodore;Millard;2425
255;Martin;Woodrow;2773
256;Ronald;Grover;7142
257;Ulysses;Abraham;8528
258;Bill;Ronald;4716
259;Thomas;George;6848
260;James;James;3562
261;Bill;Bill;5827
262;John;Jimmy;8449
263;Gerald;Gerald;6749
264;John;Chester;2911
265;James;Zachary;5769
266;Richard;Lyndon;5784
267;John;Rutherford;2881
268;Richard;Benjamin;9840
269;Benjamin;Lyndon;7202
270;Gerald;Richard;9199
271;John;Ronald;8134
272;James;Dwight;6897
273;George;Lyndon;6364
274;Thomas;Ronald;3113
275;Chester;Ulysses;7990
276;Richard;Benjamin;9693
277;Dwight;Ronald;7949
278;Franklin;Benjamin;3747
279;Ulysses;Andrew;7906
280;Ronald;Richard;3474
281;James;Richard;3703
282;Harry;Gerald;7179
283;Andrew;Benjamin;7248
284;George;Ulysses;9901
285;Theodore;Bill;2722
286;Millard;Thomas;9180
287;Ronald;Gerald;6958
288;Benjamin;Millard;9970
289;Ulysses;Franklin;3742
290;George;Grover;3569
291;James;Millard;5988
292;Franklin;Rutherford;5314
293;Andrew;Abraham;2714
294;Bill;Jimmy;2969
295;Woodrow;Bill;7543
296;Dwight;George;7221
297;Bill;Zachary;6775
298;Lyndon;Zachary;8135
299;Ronald;James;6138
300;Benjamin;Martin;9648
301;Dwight;Martin;4041
302;Thomas;Herbert;3898
303;Calvin;Herbert;3444
304;James;Thomas;3221
305;Woodrow;Ulysses;8631
306;John;Thomas;9982
307;Woodrow;James;8552
308;Thomas;Benjamin;4050
309;Bill;Woodrow;8320
310;Bill;Herbert;9114
311;Abraham;Abraham;5387
312;Chester;Chester;2984
313;Ronald;Millard;5581
314;Andrew;Chester;3451
315;William;William;9009
316;Lyndon;Ulysses;6948
317;Benjamin;Richard;8451
318;Theodore;William;8386
319;Grover;Dwight;5719
320;Grover;James;9315
321;Rutherford;Ulysses;4344
322;James;Franklin;8116
323;William;Herbert;3055
324;Bill;Chester;6970
325;Bill;Martin;6574
326;Woodrow;Zachary;9774
327;Harry;Rutherford;8674
328;Calvin;Woodrow;6218
329;Lyndon;Dwight;2498
330;William;Lyndon;8120
331;Harry;Gerald;9150
332;George;Gerald;4264
333;Gerald;Herbert;3830
334;Grover;Jimmy;5152
335;Theodore;Dwight;3644
336;George;Ronald;7832
337;Benjamin;Bill;5283
338;Warren;Herbert;2506
339;Ronald;Ulysses;7486
340;William;Benjamin;4618
341;Woodrow;George;9887
342;Gerald;Gerald;3618
343;John;Calvin;3977
344;John;Theodore;6802
345;Gerald;Theodore;9896
346;George;George;2855
347;Harry;Herbert;5370
348;Martin;Franklin;2682
349;Thomas;Dwight;8047
350;Chester;James;4227
351;Franklin;Franklin;9721
352;Millard;Franklin;7607
353;Thomas;Lyndon;4271
354;Bill;Warren;6474
355;Ulysses;Grover;8716
356;Ulysses;Warren;7706
357;Richard;Dwight;3725
358;Bill;John;9457
359;Calvin;Calvin;5432
360;Richard;Dwight;5340
361;Theodore;Warren;6452
362;Herbert;Ulysses;5657
363;Woodrow;Richard;7921
364;Warren;Lyndon;7499
365;Franklin;Jimmy;4705
366;Ronald;Rutherford;7886
367;Andrew;Bill;7275
368;Jimmy;Woodrow;8049
369;George;Thomas;5316
370;Gerald;Dwight;4274
371;Richard;Grover;4718
372;Lyndon;Thomas;3829
373;Herbert;Chester;3927
374;William;Martin;8461
375;Harry;Thomas;8332
376;Millard;Jimmy;4960
377;Dwight;Herbert;7400
378;Lyndon;Martin;7187
379;Andrew;Thomas;9646
380;George;Bill;3545
381;Franklin;Warren;7075
382;Woodrow;Woodrow;5438
383;William;Millard;7328
384;Dwight;Rutherford;5264
385;Bill;Rutherford;8769
386;Woodrow;Richard;3160
387;Franklin;Dwight;2519
388;Zachary;James;3659
389;John;Warren;4672
390;William;Rutherford;5779
391;Chester;Grover;3923
392;George;Theodore;8010
393;William;William;9265
394;Franklin;John;9373
395;Dwight;Thomas;9781
396;Rutherford;Millard;2869
397;Benjamin;Bill;3165
398;Benjamin;William;9496
399;Jimmy;Gerald;5154
400;Woodrow;Theodore;8774
401;Lyndon;Zachary;5902
402;Millard;Dwight;4379
403;George;Lyndon;6080
404;Bill;James;5560
405;Jimmy;Harry;3317
406;Gerald;John;2508
407;Andrew;Gerald;5980
408;Franklin;Richard;6253
409;Grover;Andrew;2923
410;Abraham;Abraham;3842
411;Lyndon;Rutherford;2977
412;Richard;Chester;8958
413;Chester;Andrew;6168
414;Theodore;James;8316
415;Theodore;Jimmy;7526
416;Andrew;Franklin;4242
417;Dwight;Jimmy;9500
418;Ulysses;Martin;3283
419;Jimmy;William;5519
420;Grover;Harry;4071
421;Gerald;Warren;7098
422;Martin;Ronald;3450
423;Martin;Grover;9364
424;George;Jimmy;6363
425;Rutherford;Dwight;5574
426;William;Richard;7968
427;Gerald;Chester;5770
428;Andrew;Abraham;7715
429;James;Benjamin;8857
430;Dwight;Warren;5209
431;Benjamin;Woodrow;5240
432;Abraham;Chester;2785
433;Grover;Warren;2650
434;Millard;Benjamin;7171
435;Millard;Benjamin;9469
436;Andrew;Richard;8027
437;Jimmy;Abraham;2678
438;Herbert;Rutherford;3634
439;Herbert;Abraham;5973
440;Harry;Benjamin;3315
441;Thomas;John;9011
442;Chester;Chester;2747
443;George;Calvin;2672
444;Richard;Woodrow;4184
445;Rutherford;George;5352
446;Thomas;Lyndon;4432
447;Woodrow;Chester;8739
448;Martin;Woodrow;5895
449;Benjamin;Andrew;7163
450;Richard;Abraham;6247
451;Andrew;Herbert;2769
452;Andrew;Benjamin;3730
453;Herbert;Chester;6375
454;Thomas;Thomas;3016
455;Herbert;Theodore;8675
456;Benjamin;Harry;4280
457;Harry;Ronald;7616
458;Ronald;Grover;4299
459;Dwight;Woodrow;5718
460;Jimmy;George;2417
461;Franklin;Rutherford;8044
462;Ulysses;Franklin;8145
463;Ronald;Bill;6206
464;Ronald;Benjamin;3750
465;Benjamin;Chester;9378
466;Jimmy;George;7907
467;Thomas;Chester;8100
468;Lyndon;Calvin;3774
469;Lyndon;Millard;8831
470;Ronald;Theodore;7553
471;Ronald;Rutherford;3426
472;Woodrow;James;8009
473;Abraham;Jimmy;3459
474;Ulysses;William;6782
475;Abraham;Gerald;3231
476;Ronald;Abraham;8301
477;Thomas;Calvin;2675
478;Harry;Lyndon;5445
479;Rutherford;Dwight;7556
480;Theodore;Abraham;3130
481;Benjamin;John;5605
482;Grover;Martin;8947
483;Ulysses;Harry;4539
484;James;Andrew;2911
485;William;Harry;7960
486;Gerald;Millard;5245
487;Theodore;Woodrow;8180
488;Chester;Gerald;4319
489;Franklin;Benjamin;7512
490;Andrew;Rutherford;5746
491;Warren;Millard;6833
492;Thomas;William;5918
493;Calvin;Benjamin;4989
494;Herbert;Benjamin;2875
495;Harry;Herbert;3309
496;Lyndon;Warren;5127
497;William;George;3764
498;Richard;Chester;8296
499;Benjamin;Woodrow;3272
500;Dwight;Herbert;4371
501;Gerald;William;4744
502;Ulysses;Millard;4558
503;Ronald;Richard;6770
504;Warren;Andrew;5091
505;Gerald;Ulysses;2763
506;George;Rutherford;6899
507;Franklin;George;2886
508;Warren;Millard;2467
509;Grover;Ulysses;9934
510;Ronald;Theodore;9007
511;Abraham;Chester;9348
512;Calvin;Calvin;4857
513;Herbert;Benjamin;7838
514;John;Woodrow;3269
515;Lyndon;Millard;3020
516;Theodore;Calvin;6424
517;Warren;Thomas;3700
518;George;George;9814
519;Bill;George;4798
520;Abraham;Warren;4139
521;Calvin;Franklin;9860
522;Dwight;Bill;8893
523;James;Bill;9778
524;Grover;Ronald;8733
525;Abraham;Benjamin;4429
526;Ronald;Zachary;7289
527;Calvin;Jimmy;3762
528;Gerald;William;9370
529;Thomas;William;4130
530;Ulysses;Rutherford;3550
531;Grover;John;3822
532;Woodrow;Bill;6200
533;Millard;Chester;6595
534;Gerald;Richard;5757
535;Dwight;Andrew;6088
536;Woodrow;Rutherford;6606
537;Ulysses;Warren;8247
538;Harry;Herbert;9551
539;Martin;George;9231
540;Gerald;Richard;4489
541;Chester;Herbert;9498
542;Bill;Jimmy;4580
543;Benjamin;Woodrow;2786
544;Grover;George;9152
545;Thomas;Richard;6349
546;Calvin;Abraham;5891
547;Lyndon;Calvin;6935
548;Martin;Martin;9350
549;Warren;Ulysses;3235
550;Jimmy;Ulysses;8295
551;Warren;Richard;4742
552;Jimmy;Harry;2436
553;Ronald;Ulysses;5424
554;James;Bill;8894
555;William;Thomas;6258
556;Bill;Benjamin;6672
557;Andrew;John;3551
558;Jimmy;Jimmy;7149
559;Jimmy;Warren;6006
560;Benjamin;James;5835
561;Richard;Warren;3686
562;Harry;Rutherford;9337
563;Grover;John;4683
564;James;Thomas;3753
565;Woodrow;Jimmy;8711
566;Harry;Martin;2809
567;Ulysses;Jimmy;4170
568;John;Benjamin;9361
569;Jimmy;Franklin;7311
570;John;Grover;5214
571;Franklin;Theodore;8752
572;Millard;John;8486
573;Rutherford;Warren;4241
574;Woodrow;Martin;3945
575;Richard;Grover;4670
576;Benjamin;Thomas;8703
577;George;Abraham;5719
578;Gerald;Thomas;6376
579;James;Chester;9641
580;Rutherford;Jimmy;7486
581;Rutherford;John;6497
582;Abraham;Bill;9443
583;James;John;6115
584;Franklin;Calvin;6770
585;Dwight;Warren;7524
586;Franklin;Ronald;3153
587;Harry;Chester;6505
588;Warren;Thomas;6060
589;Herbert;Ulysses;8672
590;Grover;Jimmy;6555
591;George;Franklin;3675
592;Martin;Rutherford;3786
593;Ulysses;Franklin;5511
594;Theodore;Grover;7018
595;Gerald;Woodrow;5344
596;John;Woodrow;4820
597;Lyndon;Warren;6427
598;Grover;Andrew;5560
599;Warren;Grover;3854
600;Andrew;Ulysses;7500
601;George;Gerald;6966
602;Gerald;James;7214
603;Andrew;Herbert;6670
604;Woodrow;Rutherford;2460
605;Richard;Ulysses;8568
606;John;Woodrow;5214
607;Gerald;Millard;7842
608;Richard;James;5773
609;Dwight;Thomas;9136
610;Millard;Theodore;8379
611;Theodore;Ronald;4745
612;John;Franklin;9690
613;Millard;Jimmy;8513
614;Abraham;John;5579
615;Benjamin;Richard;6200
616;Thomas;Calvin;5296
617;George;Ulysses;6723
618;Martin;William;4495
619;Warren;James;7857
620;Rutherford;Franklin;8047
621;Dwight;Gerald;8211
622;Theodore;Calvin;4309
623;Grover;Martin;6675
624;Calvin;James;6499
625;Warren;Lyndon;6205
626;Martin;Thomas;4810
627;Jimmy;Chester;7404
628;Andrew;Jimmy;9588
629;Franklin;Thomas;5638
630;Zachary;William;5579
631;Rutherford;Lyndon;4872
632;Andrew;Millard;6996
633;Ulysses;Zachary;8477
634;Rutherford;Benjamin;8846
635;Herbert;James;7863
636;Theodore;Harry;2969
637;William;George;3333
638;Millard;Ronald;4341
639;Theodore;Rutherford;7009
640;Rutherford;Dwight;6251
641;Thomas;Bill;6808
642;Lyndon;Woodrow;4337
643;Warren;Calvin;3607
644;Benjamin;Thomas;6523
645;Franklin;Abraham;6106
646;Theodore;Richard;9281
647;Gerald;Rutherford;3063
648;Dwight;Theodore;8795
649;George;William;3420
650;Benjamin;William;3042
651;Rutherford;John;3242
652;Theodore;Dwight;2431
653;George;Harry;8372
654;Warren;Thomas;2570
655;Thomas;Benjamin;3344
656;Woodrow;Franklin;2463
657;Martin;Jimmy;4263
658;Gerald;Gerald;9628
659;Richard;Franklin;6436
660;Ronald;William;6824
661;Franklin;Woodrow;3849
662;Gerald;Martin;9997
663;Zachary;Gerald;2595
664;Chester;Abraham;4020
665;Gerald;Herbert;6697
666;John;Grover;3197
667;Woodrow;Grover;7307
668;James;William;8084
669;Richard;Martin;6681
670;Lyndon;Benjamin;8532
671;William;Herbert;3663
672;James;Millard;8010
673;Rutherford;Chester;4279
674;Bill;Lyndon;5277
675;Chester;Abraham;9153
676;Thomas;John;9187
677;Harry;Grover;6501
678;George;Grover;8363
679;Millard;Millard;6647
680;Ronald;Abraham;3401
681;Martin;Martin;4337
682;John;John;5983
683;Ulysses;George;6767
684;Woodrow;Millard;8977
685;Rutherford;Jimmy;9916
686;Millard;James;9822
687;John;Millard;8136
688;Ronald;Theodore;4095
689;Dwight;Millard;2732
690;Ulysses;Gerald;8428
691;Andrew;Grover;8542
692;Millard;Lyndon;9977
693;Herbert;Calvin;3528
694;Jimmy;Rutherford;8837
695;Ronald;Jimmy;3883
696;Warren;George;3230
697;Gerald;Gerald;6514
698;Ulysses;Millard;4879
699;Woodrow;James;5205
700;Richard;James;5460
701;Dwight;Woodrow;9963
702;Martin;Chester;5959
703;Rutherford;Rutherford;5308
704;Franklin;James;6355
705;William;Dwight;7044
706;Richard;Thomas;4104
707;Millard;Grover;6774
708;Theodore;Warren;6773
709;Rutherford;Harry;7423
710;James;Richard;6370
711;Franklin;Jimmy;6162
712;Woodrow;Lyndon;4035
713;Herbert;Gerald;5707
714;Lyndon;Theodore;3250
715;Warren;Woodrow;5190
716;Herbert;Gerald;6628
717;Martin;Ulysses;9642
718;Calvin;Dwight;7726
719;Millard;Grover;4779
720;Ronald;Millard;4735
721;Thomas;Millard;6182
722;Bill;Warren;4669
723;Chester;Richard;3210
724;John;Chester;3966
725;John;Jimmy;4556
726;Benjamin;Thomas;5057
727;Theodore;Woodrow;6826
728;Ulysses;Lyndon;7542
729;Franklin;Bill;3181
730;Andrew;Jimmy;5241
731;Franklin;Grover;8822
732;Harry;Woodrow;5111
733;Benjamin;Theodore;6765
734;Grover;Franklin;5770
735;Lyndon;Ulysses;3768
736;Warren;Bill;8989
737;Millard;Ulysses;7061
738;Herbert;Calvin;9213
739;Gerald;Andrew;2745
740;Franklin;Thomas;9002
741;Warren;Jimmy;9498
742;Gerald;William;4158
743;Franklin;Millard;7788
744;Chester;Millard;3333
745;Lyndon;John;8769
746;Warren;Warren;3495
747;Richard;Abraham;2514
748;Woodrow;Theodore;9028
749;James;Theodore;3759
750;James;Bill;3492
751;Martin;Rutherford;5355
752;Jimmy;William;5956
753;George;Herbert;4363
754;Lyndon;John;3452
755;James;Herbert;6478
756;Rutherford;Lyndon;7874
757;Abraham;Bill;6183
758;James;Rutherford;8487
759;Theodore;Franklin;5191
760;Woodrow;Theodore;9818
761;William;Ulysses;2567
762;William;George;5501
763;Herbert;Abraham;5816
764;Rutherford;Ulysses;5669
765;Richard;John;8642
766;Martin;Chester;4000
767;Millard;Abraham;8622
768;Richard;William;7257
769;Zachary;Franklin;9167
770;Millard;Gerald;3973
771;John;Grover;3728
772;James;Warren;7265
773;John;Millard;7759
774;Warren;Rutherford;6184
775;Ulysses;Ulysses;5867
776;Rutherford;Lyndon;6078
777;Ronald;Woodrow;6751
778;Chester;Grover;3558
779;Bill;Thomas;5665
780;James;Richard;5139
781;Millard;Woodrow;8370
782;Grover;Calvin;8136
783;Franklin;Grover;4865
784;Richard;Theodore;8769
785;Benjamin;Warren;3379
786;Martin;Benjamin;6172
787;Martin;Zachary;7183
788;Bill;Warren;2736
789;Rutherford;Millard;3275
790;Millard;Lyndon;8857
791;Warren;Millard;9969
792;John;Franklin;9240
793;Gerald;Ulysses;5286
794;Zachary;Abraham;6167
795;Calvin;Herbert;7878
796;Martin;Andrew;8152
797;William;Theodore;9536
798;Grover;Woodrow;4582
799;Andrew;Rutherford;6512
800;William;Gerald;2510
801;Herbert;Dwight;6194
802;Gerald;George;6940
803;Thomas;Andrew;5780
804;Chester;George;5969
805;Benjamin;Richard;7846
806;Martin;Theodore;5890
807;Dwight;Bill;9200
808;Andrew;Andrew;4723
809;Warren;Calvin;4163
810;Woodrow;James;5445
811;Benjamin;Dwight;4477
812;George;Abraham;8158
813;Lyndon;Dwight;5839
814;Martin;Martin;9037
815;Franklin;Martin;6103
816;Franklin;Franklin;6726
817;Lyndon;Millard;5544
818;Richard;Woodrow;7064
819;Harry;Millard;6328
820;Franklin;Rutherford;5642
821;Grover;Harry;7270
822;Chester;Ulysses;3939
823;Zachary;Dwight;4418
824;Rutherford;Grover;6797
825;Martin;Andrew;7940
826;Calvin;George;5961
827;Thomas;Jimmy;5054
828;William;Ronald;8838
829;Chester;John;5307
830;Andrew;Thomas;4260
831;Jimmy;Herbert;5975
832;Ronald;George;3956
833;Millard;Richard;9180
834;George;Thomas;4747
835;Lyndon;George;8062
836;Martin;James;2577
837;Herbert;Benjamin;6107
838;William;Franklin;3389
839;Zachary;Chester;8440
840;Harry;Gerald;2432
841;Benjamin;Chester;7588
842;Zachary;Ronald;4799
843;Ronald;Ronald;6771
844;Andrew;Calvin;7532
845;Gerald;George;7081
846;Franklin;Richard;5204
847;Thomas;Andrew;8424
848;Martin;Jimmy;3727
849;Martin;Bill;6349
850;Woodrow;Lyndon;6858
851;William;Franklin;5134
852;Bill;Theodore;8917
853;Jimmy;Herbert;8227
854;Grover;Rutherford;6788
855;Harry;Franklin;7414
856;Dwight;Herbert;2657
857;Jimmy;Chester;6262
858;John;Martin;2641
859;Jimmy;Bill;5590
860;Ronald;Zachary;9225
861;Herbert;Rutherford;7562
862;Chester;George;9800
863;Ulysses;Benjamin;8154
864;Thomas;Dwight;5614
865;Ronald;Herbert;3487
866;Chester;Martin;8504
867;Martin;Gerald;5645
868;Grover;Grover;7556
869;Warren;Ronald;9602
870;Benjamin;Abraham;9857
871;Richard;Ulysses;6193
872;Jimmy;William;7603
873;Bill;Rutherford;3167
874;Martin;William;4076
875;Zachary;Grover;6946
876;Gerald;John;6478
877;Jimmy;George;9325
878;James;Bill;6436
879;Jimmy;Jimmy;6016
880;Jimmy;Bill;3325
881;Benjamin;Warren;8528
882;Abraham;Abraham;5522
883;Rutherford;Dwight;2603
884;Ronald;Harry;4822
885;John;Chester;7180
886;Ronald;William;9269
887;Grover;Andrew;9489
888;Benjamin;Woodrow;3055
889;Ulysses;Millard;7750
890;Ronald;Ulysses;3330
891;William;Jimmy;9255
892;Benjamin;Grover;5105
893;Ulysses;Bill;6178
894;Abraham;Richard;3897
895;John;Calvin;9826
896;Benjamin;Thomas;3170
897;Harry;Zachary;5612
898;Andrew;Ronald;5699
899;Bill;William;7025
900;Benjamin;Woodrow;5408
901;Martin;William;4802
902;Gerald;Thomas;8208
903;Ulysses;Chester;3408
904;Warren;Dwight;7499
905;William;Gerald;4391
906;Lyndon;George;4820
907;Grover;Richard;9654
908;Harry;Bill;8203
909;Franklin;Theodore;9001
910;Bill;James;3982
911;Jimmy;Andrew;3273
912;Martin;Rutherford;7532
913;Andrew;George;7621
914;Zachary;Calvin;4513
915;Lyndon;William;2572
916;Dwight;Woodrow;4544
917;Herbert;Andrew;4790
918;Ronald;Chester;8295
919;Calvin;Thomas;9584
920;Warren;Bill;6266
921;Gerald;Dwight;8212
922;Woodrow;Bill;6334
923;Andrew;Ronald;5381
924;Jimmy;Jimmy;7927
925;Harry;Bill;9730
926;Richard;Ronald;4195
927;Franklin;Benjamin;8317
928;Martin;Herbert;5135
929;Ulysses;Warren;7906
930;Zachary;Andrew;5197
931;Abraham;Harry;7922
932;William;Thomas;8827
933;Woodrow;Woodrow;4194
934;Bill;Ulysses;6892
935;Theodore;Andrew;2878
936;Millard;Rutherford;4578
937;Zachary;Theodore;2991
938;Calvin;Theodore;9432
939;Theodore;Ulysses;9789
940;Warren;Ronald;4016
941;Martin;Rutherford;8913
942;Gerald;Dwight;3905
943;Woodrow;James;9263
944;Ulysses;Bill;9919
945;Warren;Chester;9841
946;Warren;Millard;3326
947;Andrew;Calvin;7474
948;Andrew;Warren;5889
949;Warren;James;7097
950;Rutherford;Martin;3572
951;Gerald;Thomas;8089
952;Grover;Harry;5690
953;Jimmy;George;8198
954;William;Richard;7670
955;James;Martin;3194
956;John;John;7267
957;Ulysses;Gerald;4219
958;Grover;Martin;2589
959;Franklin;Jimmy;8328
960;William;Lyndon;7896
961;Herbert;Benjamin;8782
962;Benjamin;Dwight;8135
963;Calvin;Millard;4994
964;Martin;Warren;8330
965;Gerald;Lyndon;3582
966;Ulysses;Grover;4375
967;Gerald;William;7029
968;Richard;James;9128
969;William;Bill;5326
970;Bill;Thomas;9648
971;Bill;Calvin;4767
972;Grover;Rutherford;8953
973;Calvin;Franklin;4516
974;Jimmy;Harry;9139
975;Ronald;Rutherford;3695
976;Richard;Ulysses;5825
977;Woodrow;Zachary;6234
978;Calvin;Millard;5545
979;Richard;Thomas;6394
980;Lyndon;Harry;8475
981;Theodore;Dwight;2767
982;Harry;Bill;4825
983;Abraham;Thomas;9395
984;Ulysses;James;2429
985;George;Calvin;8548
986;Jimmy;Grover;9485
987;Lyndon;Woodrow;3248
988;James;Dwight;3594
989;Andrew;Woodrow;4901
990;Ulysses;Woodrow;5243
991;Harry;Calvin;7851
992;John;Martin;3071
993;Theodore;Richard;6835
994;James;Ronald;3526
995;Chester;Rutherford;3845
996;Grover;William;7405
997;Chester;Thomas;9688
998;John;Richard;8729
999;Woodrow;Benjamin;2422
1000;Theodore;Chester;3385
1001;Theodoreee;Chesteree;3386
