idEmp;villeEmp;prefectureEmp
1;Juneau;Utah
2;Atlanta;Minnesota
3;Boston;Virginia
4;Phoenix;Massachusetts
5;Lincoln;Mississippi
6;Atlanta;Delaware
7;Raleigh;Arkansas
8;Des Moines;North Dakota
9;Lincoln;Kansas
10;Oklahoma City;Utah
11;Pierre;Idaho
12;Hartford;Illinois
13;Austin;Vermont
14;Sacramento;Nevada
15;Baton Rouge;Pennsylvania
16;Nashville;Wisconsin
17;Salt Lake City;Ohio
18;Providence;Tennessee
19;Springfield;Colorado
20;Juneau;Florida
21;Bismarck;South Dakota
22;Oklahoma City;California
23;Baton Rouge;Missouri
24;Phoenix;Utah
25;Salt Lake City;Georgia
26;Atlanta;Kentucky
27;Springfield;South Dakota
28;Baton Rouge;Arizona
29;Jackson;Ohio
30;Topeka;Idaho
31;Oklahoma City;Arkansas
32;Concord;Georgia
33;Salt Lake City;New Mexico
34;Baton Rouge;Iowa
35;Pierre;Georgia
36;Indianapolis;Kentucky
37;Honolulu;New Jersey
38;Oklahoma City;Wisconsin
39;Providence;Missouri
40;Frankfort;South Dakota
41;Santa Fe;Wisconsin
42;Juneau;Wyoming
43;Columbia;Iowa
44;Columbus;Maryland
45;Boise;California
46;Sacramento;Minnesota
47;Indianapolis;Missouri
48;Lincoln;Illinois
49;Concord;North Carolina
50;Tallahassee;Kentucky
51;Atlanta;Delaware
52;Montgomery;New York
53;Lansing;Texas
54;Nashville;Missouri
55;Topeka;New Mexico
56;Pierre;Georgia
57;Trenton;Tennessee
58;Montgomery;Texas
59;Helena;Missouri
60;Saint Paul;Illinois
61;Tallahassee;Colorado
62;Honolulu;New Hampshire
63;Columbia;Virginia
64;Atlanta;Nevada
65;Raleigh;Illinois
66;Frankfort;Massachusetts
67;Lincoln;Nebraska
68;Oklahoma City;Pennsylvania
69;Salt Lake City;Nebraska
70;Springfield;New Hampshire
71;Lansing;Florida
72;Annapolis;Oklahoma
73;Annapolis;Oregon
74;Lansing;South Carolina
75;Tallahassee;Montana
76;Augusta;Alaska
77;Oklahoma City;California
78;Salt Lake City;Nebraska
79;Providence;Illinois
80;Lincoln;West Virginia
81;Dover;New Mexico
82;Little Rock;Michigan
83;Columbus;Idaho
84;Topeka;Nevada
85;Montpelier;Indiana
86;Carson City;Alaska
87;Jefferson City;Tennessee
88;Bismarck;Hawaii
89;Tallahassee;New Hampshire
90;Harrisburg;Missouri
91;Springfield;New Jersey
92;Atlanta;Tennessee
93;Boise;North Carolina
94;Baton Rouge;Montana
95;Concord;New York
96;Dover;Illinois
97;Atlanta;Indiana
98;Helena;South Carolina
99;Des Moines;Massachusetts
100;Columbia;Louisiana
101;Madison;Washington
102;Austin;New Jersey
103;Olympia;Arkansas
104;Richmond;Washington
105;Indianapolis;Arkansas
106;Sacramento;Nevada
107;Phoenix;Wisconsin
108;Austin;Iowa
109;Augusta;West Virginia
110;Saint Paul;Tennessee
111;Austin;California
112;Santa Fe;Iowa
113;Madison;New Jersey
114;Honolulu;Indiana
115;Topeka;Ohio
116;Springfield;Minnesota
117;Hartford;Oregon
118;Carson City;Idaho
119;Annapolis;Michigan
120;Richmond;South Dakota
121;Des Moines;Arizona
122;Carson City;Montana
123;Tallahassee;Kansas
124;Jefferson City;California
125;Hartford;New Mexico
126;Denver;Nebraska
127;Trenton;North Dakota
128;Dover;Nevada
129;Boise;Oklahoma
130;Juneau;Kansas
131;Columbia;Missouri
132;Boston;Pennsylvania
133;Charleston;California
134;Tallahassee;Utah
135;Austin;Arkansas
136;Springfield;Tennessee
137;Atlanta;Kansas
138;Tallahassee;South Carolina
139;Boise;New York
140;Harrisburg;Hawaii
141;Honolulu;New Hampshire
142;Annapolis;Missouri
143;Saint Paul;Kansas
144;Boston;Illinois
145;Raleigh;South Dakota
146;Topeka;Pennsylvania
147;Harrisburg;North Carolina
148;Des Moines;Arizona
149;Baton Rouge;Mississippi
150;Montgomery;Nevada
151;Helena;Iowa
152;Trenton;Massachusetts
153;Salt Lake City;Arkansas
154;Providence;Alaska
155;Honolulu;Tennessee
156;Harrisburg;Hawaii
157;Boise;New Hampshire
158;Providence;Idaho
159;Augusta;Rhode Island
160;Montpelier;Hawaii
161;Des Moines;Connecticut
162;Montpelier;Tennessee
163;Springfield;West Virginia
164;Annapolis;Tennessee
165;Nashville;South Dakota
166;Providence;Delaware
167;Richmond;Mississippi
168;Albany;Arizona
169;Concord;Ohio
170;Topeka;North Dakota
171;Pierre;Kentucky
172;Salem;New Jersey
173;Lansing;Maine
174;Montpelier;South Carolina
175;Harrisburg;New Hampshire
176;Salem;Delaware
177;Augusta;Nebraska
178;Lincoln;California
179;Atlanta;Louisiana
180;Providence;Michigan
181;Cheyenne;Massachusetts
182;Phoenix;North Carolina
183;Tallahassee;Indiana
184;Topeka;Montana
185;Saint Paul;Tennessee
186;Tallahassee;Oregon
187;Columbus;Montana
188;Tallahassee;Arkansas
189;Little Rock;Maryland
190;Honolulu;Colorado
191;Columbia;Vermont
192;Dover;South Carolina
193;Columbus;Washington
194;Montpelier;Georgia
195;Raleigh;South Carolina
196;Oklahoma City;Maine
197;Topeka;Nebraska
198;Trenton;Indiana
199;Concord;South Dakota
200;Raleigh;Maine
201;Atlanta;Nebraska
202;Springfield;Utah
203;Little Rock;North Dakota
204;Lansing;Alaska
205;Oklahoma City;Rhode Island
206;Hartford;Michigan
207;Frankfort;Connecticut
208;Nashville;Washington
209;Annapolis;New Hampshire
210;Annapolis;Kentucky
211;Salem;Indiana
212;Atlanta;Nebraska
213;Dover;North Carolina
214;Jefferson City;Kansas
215;Carson City;Vermont
216;Pierre;Michigan
217;Austin;Montana
218;Charleston;North Carolina
219;Madison;Utah
220;Jackson;North Carolina
221;Lincoln;Maryland
222;Honolulu;Arkansas
223;Jackson;Pennsylvania
224;Charleston;New York
225;Salem;Maine
226;Concord;Delaware
227;Boise;Illinois
228;Topeka;Hawaii
229;Salt Lake City;Oklahoma
230;Hartford;Illinois
231;Boise;Florida
232;Providence;Tennessee
233;Bismarck;Delaware
234;Carson City;Montana
235;Boise;Utah
236;Denver;Idaho
237;Olympia;Oregon
238;Pierre;Arizona
239;Montpelier;Idaho
240;Richmond;Maine
241;Raleigh;Minnesota
242;Juneau;New Hampshire
243;Richmond;North Dakota
244;Richmond;South Carolina
245;Annapolis;Nevada
246;Boise;Indiana
247;Helena;California
248;Harrisburg;Maryland
249;Columbia;Tennessee
250;Frankfort;Indiana
251;Boston;New Mexico
252;Little Rock;New York
253;Salem;Colorado
254;Providence;Connecticut
255;Springfield;Wisconsin
256;Montpelier;Wisconsin
257;Oklahoma City;California
258;Raleigh;Oklahoma
259;Tallahassee;Mississippi
260;Boise;Indiana
261;Charleston;Maryland
262;Boise;Illinois
263;Providence;Nebraska
264;Madison;Mississippi
265;Carson City;New Mexico
266;Little Rock;Mississippi
267;Baton Rouge;North Dakota
268;Harrisburg;Kentucky
269;Hartford;Alabama
270;Olympia;Wisconsin
271;Des Moines;Ohio
272;Lincoln;Iowa
273;Albany;South Carolina
274;Annapolis;Virginia
275;Salem;Connecticut
276;Olympia;Louisiana
277;Cheyenne;Georgia
278;Springfield;Oregon
279;Jackson;Oregon
280;Oklahoma City;Nebraska
281;Atlanta;Mississippi
282;Madison;Minnesota
283;Trenton;West Virginia
284;Tallahassee;Nebraska
285;Sacramento;South Carolina
286;Jefferson City;Idaho
287;Lincoln;Idaho
288;Saint Paul;Wisconsin
289;Harrisburg;Maryland
290;Olympia;Arkansas
291;Santa Fe;Rhode Island
292;Helena;New Hampshire
293;Concord;California
294;Little Rock;South Carolina
295;Carson City;South Carolina
296;Providence;North Dakota
297;Richmond;Connecticut
298;Olympia;Minnesota
299;Salem;Oregon
300;Montpelier;Wyoming
301;Boston;West Virginia
302;Columbus;South Dakota
303;Boston;Michigan
304;Atlanta;New York
305;Olympia;North Carolina
306;Indianapolis;Indiana
307;Harrisburg;Missouri
308;Phoenix;Idaho
309;Providence;Georgia
310;Annapolis;Wyoming
311;Boston;Oklahoma
312;Raleigh;Nevada
313;Albany;Illinois
314;Des Moines;North Carolina
315;Austin;Nebraska
316;Raleigh;Maryland
317;Saint Paul;Louisiana
318;Springfield;Tennessee
319;Little Rock;Arizona
320;Pierre;Kentucky
321;Nashville;New Hampshire
322;Juneau;Arizona
323;Harrisburg;South Dakota
324;Little Rock;Texas
325;Atlanta;Nebraska
326;Charleston;Washington
327;Albany;Nebraska
328;Denver;North Dakota
329;Springfield;Washington
330;Carson City;Massachusetts
331;Jefferson City;Michigan
332;Carson City;Wisconsin
333;Little Rock;Wyoming
334;Carson City;Vermont
335;Indianapolis;South Dakota
336;Topeka;Nebraska
337;Santa Fe;North Dakota
338;Raleigh;Nevada
339;Salem;Vermont
340;Concord;Michigan
341;Albany;Colorado
342;Trenton;Maryland
343;Providence;Virginia
344;Jackson;Iowa
345;Indianapolis;Michigan
346;Salt Lake City;Maryland
347;Columbia;Wisconsin
348;Jefferson City;New Jersey
349;Jackson;New Jersey
350;Des Moines;Colorado
351;Trenton;Colorado
352;Trenton;Kentucky
353;Augusta;Delaware
354;Santa Fe;Colorado
355;Olympia;South Carolina
356;Boston;Wisconsin
357;Tallahassee;Texas
358;Tallahassee;Arizona
359;Indianapolis;Arizona
360;Columbus;Michigan
361;Little Rock;New Mexico
362;Nashville;Georgia
363;Oklahoma City;Mississippi
364;Springfield;Illinois
365;Montpelier;New Jersey
366;Charleston;North Dakota
367;Frankfort;Colorado
368;Raleigh;Rhode Island
369;Olympia;South Carolina
370;Baton Rouge;Oregon
371;Santa Fe;West Virginia
372;Jackson;Maryland
373;Juneau;Tennessee
374;Annapolis;Montana
375;Pierre;Kentucky
376;Juneau;Montana
377;Frankfort;Iowa
378;Juneau;Oregon
379;Tallahassee;New Hampshire
380;Olympia;Vermont
381;Richmond;California
382;Montpelier;Massachusetts
383;Providence;Indiana
384;Boston;Arkansas
385;Oklahoma City;Massachusetts
386;Honolulu;Rhode Island
387;Columbus;Iowa
388;Denver;Wisconsin
389;Sacramento;Nebraska
390;Saint Paul;Georgia
391;Denver;Oregon
392;Salem;Indiana
393;Denver;Montana
394;Columbia;Connecticut
395;Montpelier;Missouri
396;Nashville;Missouri
397;Oklahoma City;Pennsylvania
398;Lincoln;Oklahoma
399;Indianapolis;Minnesota
400;Baton Rouge;Maine
401;Oklahoma City;Arizona
402;Concord;New Mexico
403;Concord;North Carolina
404;Sacramento;Utah
405;Lincoln;Pennsylvania
406;Boise;Delaware
407;Lincoln;Oregon
408;Phoenix;Missouri
409;Des Moines;Delaware
410;Oklahoma City;Massachusetts
411;Jefferson City;Tennessee
412;Springfield;Pennsylvania
413;Trenton;Oregon
414;Des Moines;Maine
415;Montgomery;Illinois
416;Springfield;South Dakota
417;Frankfort;Nevada
418;Saint Paul;Illinois
419;Albany;Kentucky
420;Denver;Michigan
421;Tallahassee;Tennessee
422;Juneau;Utah
423;Nashville;Nebraska
424;Bismarck;New York
425;Tallahassee;Louisiana
426;Tallahassee;Ohio
427;Columbia;Rhode Island
428;Juneau;New Hampshire
429;Columbia;Minnesota
430;Jackson;Montana
431;Phoenix;Mississippi
432;Austin;New Mexico
433;Phoenix;Maryland
434;Bismarck;Tennessee
435;Oklahoma City;Iowa
436;Columbus;Louisiana
437;Harrisburg;Delaware
438;Little Rock;Indiana
439;Raleigh;Colorado
440;Little Rock;New York
441;Montpelier;New Hampshire
442;Olympia;Arkansas
443;Cheyenne;Maine
444;Salt Lake City;Nebraska
445;Cheyenne;Tennessee
446;Phoenix;Oklahoma
447;Richmond;Utah
448;Lansing;West Virginia
449;Baton Rouge;Pennsylvania
450;Austin;Illinois
451;Saint Paul;Iowa
452;Salt Lake City;Massachusetts
453;Raleigh;Ohio
454;Little Rock;North Carolina
455;Boise;Alaska
456;Raleigh;North Carolina
457;Santa Fe;Rhode Island
458;Jefferson City;Hawaii
459;Phoenix;Iowa
460;Phoenix;Iowa
461;Raleigh;New York
462;Raleigh;Michigan
463;Baton Rouge;Nevada
464;Jefferson City;Idaho
465;Carson City;Minnesota
466;Salt Lake City;Wyoming
467;Sacramento;Nevada
468;Topeka;Maine
469;Dover;Colorado
470;Boise;Texas
471;Harrisburg;Indiana
472;Olympia;Hawaii
473;Santa Fe;New Hampshire
474;Austin;Nebraska
475;Oklahoma City;Florida
476;Frankfort;Washington
477;Sacramento;Missouri
478;Dover;Rhode Island
479;Dover;Arizona
480;Honolulu;Louisiana
481;Columbia;Kansas
482;Richmond;Minnesota
483;Carson City;Indiana
484;Des Moines;Ohio
485;Harrisburg;Wyoming
486;Des Moines;Pennsylvania
487;Topeka;Georgia
488;Dover;North Dakota
489;Indianapolis;Kansas
490;Lansing;Nebraska
491;Jackson;Florida
492;Salt Lake City;South Dakota
493;Honolulu;Tennessee
494;Annapolis;West Virginia
495;Topeka;Michigan
496;Little Rock;Louisiana
497;Sacramento;South Carolina
498;Saint Paul;Ohio
499;Lansing;New York
500;Nashville;Massachusetts
501;Albany;New Jersey
502;Salt Lake City;Alaska
503;Oklahoma City;South Carolina
504;Frankfort;Arizona
505;Annapolis;New Mexico
506;Topeka;Minnesota
507;Augusta;Alaska
508;Carson City;Idaho
509;Denver;Minnesota
510;Harrisburg;Maryland
511;Lansing;Idaho
512;Indianapolis;Louisiana
513;Juneau;California
514;Charleston;Kansas
515;Indianapolis;Maryland
516;Oklahoma City;Oregon
517;Raleigh;Utah
518;Concord;Connecticut
519;Austin;Missouri
520;Honolulu;Maryland
521;Annapolis;Rhode Island
522;Montpelier;New Jersey
523;Salt Lake City;Montana
524;Trenton;Texas
525;Trenton;Illinois
526;Juneau;Mississippi
527;Albany;Kentucky
528;Springfield;North Dakota
529;Helena;Alaska
530;Denver;Georgia
531;Concord;Missouri
532;Denver;North Carolina
533;Springfield;Arkansas
534;Raleigh;Illinois
535;Salt Lake City;Delaware
536;Boise;Texas
537;Harrisburg;Wisconsin
538;Carson City;South Dakota
539;Salt Lake City;Oklahoma
540;Santa Fe;Pennsylvania
541;Tallahassee;Oklahoma
542;Jefferson City;Mississippi
543;Pierre;New Jersey
544;Bismarck;Arizona
545;Albany;California
546;Columbia;New Mexico
547;Jefferson City;South Carolina
548;Lincoln;Idaho
549;Boston;Kentucky
550;Providence;Illinois
551;Tallahassee;Georgia
552;Frankfort;Utah
553;Trenton;North Carolina
554;Topeka;North Dakota
555;Frankfort;Ohio
556;Denver;Wyoming
557;Helena;New Hampshire
558;Nashville;Rhode Island
559;Charleston;South Dakota
560;Baton Rouge;Georgia
561;Richmond;South Carolina
562;Augusta;Washington
563;Providence;Minnesota
564;Phoenix;Kansas
565;Little Rock;Utah
566;Des Moines;Alaska
567;Salt Lake City;Montana
568;Sacramento;Kentucky
569;Juneau;Nebraska
570;Dover;New Hampshire
571;Madison;Pennsylvania
572;Lansing;Oregon
573;Bismarck;Virginia
574;Concord;New Jersey
575;Lansing;West Virginia
576;Lansing;Illinois
577;Salt Lake City;Delaware
578;Little Rock;Idaho
579;Richmond;Alabama
580;Annapolis;Wisconsin
581;Nashville;Mississippi
582;Lansing;Arizona
583;Austin;Washington
584;Jackson;Minnesota
585;Salem;New Mexico
586;Richmond;Illinois
587;Jackson;Maryland
588;Cheyenne;Texas
589;Carson City;Massachusetts
590;Montgomery;Pennsylvania
591;Indianapolis;Montana
592;Harrisburg;Ohio
593;Boise;Massachusetts
594;Honolulu;Alaska
595;Harrisburg;Georgia
596;Des Moines;New York
597;Madison;Florida
598;Augusta;Oklahoma
599;Raleigh;Minnesota
600;Honolulu;Utah
601;Pierre;Nevada
602;Santa Fe;Colorado
603;Trenton;Utah
604;Pierre;Michigan
605;Saint Paul;Michigan
606;Madison;Ohio
607;Bismarck;Oklahoma
608;Carson City;West Virginia
609;Juneau;South Carolina
610;Hartford;Oregon
611;Augusta;Kentucky
612;Sacramento;Arizona
613;Boston;Indiana
614;Annapolis;Indiana
615;Jackson;New Hampshire
616;Austin;Florida
617;Salem;Montana
618;Phoenix;Kentucky
619;Salem;South Dakota
620;Indianapolis;Vermont
621;Annapolis;Utah
622;Little Rock;New York
623;Oklahoma City;Florida
624;Columbus;Mississippi
625;Indianapolis;Nevada
626;Olympia;Georgia
627;Richmond;Colorado
628;Annapolis;Illinois
629;Richmond;Vermont
630;Salt Lake City;Illinois
631;Baton Rouge;Tennessee
632;Providence;Maine
633;Cheyenne;Illinois
634;Madison;Utah
635;Salt Lake City;Michigan
636;Annapolis;Tennessee
637;Springfield;Vermont
638;Jefferson City;New Mexico
639;Carson City;Rhode Island
640;Salt Lake City;Rhode Island
641;Jefferson City;Kentucky
642;Montgomery;Alabama
643;Concord;Florida
644;Charleston;Washington
645;Raleigh;Alaska
646;Olympia;Connecticut
647;Salem;Wyoming
648;Raleigh;Indiana
649;Albany;Mississippi
650;Frankfort;Maine
651;Frankfort;Washington
652;Raleigh;Michigan
653;Providence;Indiana
654;Frankfort;New Hampshire
655;Saint Paul;Washington
656;Columbus;Hawaii
657;Richmond;Michigan
658;Albany;Missouri
659;Nashville;Georgia
660;Jefferson City;Arizona
661;Lansing;Kansas
662;Augusta;Georgia
663;Boise;Wisconsin
664;Baton Rouge;North Dakota
665;Jackson;Florida
666;Salem;New Jersey
667;Springfield;West Virginia
668;Juneau;Rhode Island
669;Dover;Nebraska
670;Phoenix;Colorado
671;Concord;Arizona
672;Juneau;Rhode Island
673;Helena;Oklahoma
674;Nashville;Texas
675;Boise;Iowa
676;Lincoln;Arkansas
677;Lansing;South Dakota
678;Raleigh;Arkansas
679;Topeka;Idaho
680;Columbia;Delaware
681;Helena;Hawaii
682;Little Rock;Virginia
683;Saint Paul;Ohio
684;Des Moines;Nebraska
685;Frankfort;Connecticut
686;Albany;Colorado
687;Augusta;Oklahoma
688;Charleston;Oregon
689;Raleigh;Utah
690;Sacramento;New York
691;Annapolis;Nevada
692;Bismarck;Virginia
693;Sacramento;Delaware
694;Jackson;Minnesota
695;Boston;Delaware
696;Raleigh;Michigan
697;Frankfort;Louisiana
698;Montpelier;Minnesota
699;Boston;Indiana
700;Olympia;Kentucky
701;Hartford;Indiana
702;Olympia;Arizona
703;Augusta;New Hampshire
704;Santa Fe;Louisiana
705;Austin;North Dakota
706;Austin;Utah
707;Boston;Michigan
708;Dover;Delaware
709;Albany;California
710;Topeka;Rhode Island
711;Jefferson City;Texas
712;Denver;Alaska
713;Atlanta;Maryland
714;Cheyenne;Iowa
715;Juneau;Minnesota
716;Salt Lake City;Idaho
717;Columbus;Illinois
718;Springfield;Washington
719;Jackson;Colorado
720;Lansing;Oklahoma
721;Phoenix;Georgia
722;Indianapolis;Wisconsin
723;Richmond;Kansas
724;Lincoln;Tennessee
725;Saint Paul;Alaska
726;Helena;Colorado
727;Little Rock;Rhode Island
728;Augusta;West Virginia
729;Lansing;Nebraska
730;Harrisburg;Maine
731;Saint Paul;North Carolina
732;Tallahassee;California
733;Boston;Hawaii
734;Honolulu;Idaho
735;Baton Rouge;Maine
736;Albany;Indiana
737;Trenton;California
738;Oklahoma City;Washington
739;Springfield;New Hampshire
740;Oklahoma City;Missouri
741;Albany;Mississippi
742;Juneau;California
743;Salem;Vermont
744;Boise;Hawaii
745;Des Moines;North Carolina
746;Baton Rouge;Arizona
747;Honolulu;Mississippi
748;Des Moines;Nebraska
749;Raleigh;Virginia
750;Carson City;Montana
751;Hartford;North Dakota
752;Raleigh;Missouri
753;Richmond;South Dakota
754;Richmond;New York
755;Topeka;Tennessee
756;Pierre;Georgia
757;Pierre;New Mexico
758;Topeka;Texas
759;Boise;South Carolina
760;Hartford;Ohio
761;Richmond;Florida
762;Austin;Utah
763;Columbia;Rhode Island
764;Juneau;Minnesota
765;Santa Fe;Colorado
766;Oklahoma City;Massachusetts
767;Tallahassee;Texas
768;Helena;Colorado
769;Oklahoma City;Louisiana
770;Montgomery;West Virginia
771;Phoenix;Arkansas
772;Helena;Alaska
773;Boston;Idaho
774;Springfield;South Carolina
775;Helena;Washington
776;Richmond;New Hampshire
777;Dover;Massachusetts
778;Atlanta;Nebraska
779;Atlanta;Indiana
780;Phoenix;Arizona
781;Annapolis;North Carolina
782;Jackson;California
783;Albany;Ohio
784;Denver;Oklahoma
785;Salem;Maryland
786;Santa Fe;Connecticut
787;Little Rock;Ohio
788;Salt Lake City;Pennsylvania
789;Salt Lake City;Montana
790;Concord;Pennsylvania
791;Lincoln;Tennessee
792;Des Moines;Michigan
793;Montpelier;Rhode Island
794;Nashville;Mississippi
795;Augusta;Massachusetts
796;Raleigh;Delaware
797;Frankfort;Iowa
798;Atlanta;Maine
799;Lincoln;North Carolina
800;Salt Lake City;Alaska
801;Dover;Alabama
802;Springfield;Florida
803;Salem;Maryland
804;Salem;Arkansas
805;Nashville;California
806;Hartford;Indiana
807;Concord;Vermont
808;Juneau;Louisiana
809;Albany;Maryland
810;Saint Paul;Oklahoma
811;Springfield;Wisconsin
812;Salt Lake City;Hawaii
813;Des Moines;Kansas
814;Austin;Michigan
815;Concord;Michigan
816;Frankfort;Ohio
817;Augusta;Arizona
818;Jackson;Virginia
819;Phoenix;Illinois
820;Annapolis;Vermont
821;Carson City;Nevada
822;Honolulu;South Carolina
823;Des Moines;Arizona
824;Phoenix;Wisconsin
825;Santa Fe;Rhode Island
826;Indianapolis;California
827;Little Rock;Oregon
828;Honolulu;Delaware
829;Honolulu;Florida
830;Springfield;Alaska
831;Pierre;Maryland
832;Helena;Idaho
833;Baton Rouge;Kentucky
834;Sacramento;New Hampshire
835;Saint Paul;South Dakota
836;Saint Paul;Hawaii
837;Boise;Rhode Island
838;Indianapolis;California
839;Jefferson City;North Carolina
840;Carson City;Illinois
841;Dover;Missouri
842;Albany;Texas
843;Bismarck;Connecticut
844;Columbia;Tennessee
845;Harrisburg;New Jersey
846;Lincoln;Tennessee
847;Topeka;Hawaii
848;Honolulu;Maryland
849;Helena;Maryland
850;Albany;Oregon
851;Pierre;Montana
852;Hartford;Mississippi
853;Columbus;Massachusetts
854;Nashville;New Mexico
855;Salt Lake City;Maine
856;Augusta;Minnesota
857;Jackson;North Carolina
858;Denver;Minnesota
859;Salem;Arizona
860;Nashville;New York
861;Charleston;Colorado
862;Augusta;Montana
863;Lincoln;Hawaii
864;Helena;Florida
865;Richmond;Illinois
866;Santa Fe;Texas
867;Little Rock;Louisiana
868;Lincoln;Connecticut
869;Raleigh;New Mexico
870;Little Rock;Connecticut
871;Austin;Nevada
872;Indianapolis;South Carolina
873;Saint Paul;North Dakota
874;Pierre;New Jersey
875;Oklahoma City;Maryland
876;Trenton;Ohio
877;Bismarck;Michigan
878;Carson City;Iowa
879;Hartford;California
880;Dover;Colorado
881;Indianapolis;Vermont
882;Hartford;Georgia
883;Denver;Kansas
884;Salt Lake City;Tennessee
885;Jackson;New York
886;Charleston;Ohio
887;Honolulu;Massachusetts
888;Boston;Virginia
889;Saint Paul;Utah
890;Lincoln;Delaware
891;Lincoln;Minnesota
892;Montpelier;New Jersey
893;Oklahoma City;Nebraska
894;Saint Paul;Texas
895;Dover;Georgia
896;Little Rock;Nebraska
897;Honolulu;New Hampshire
898;Phoenix;South Carolina
899;Salem;Delaware
900;Albany;Nevada
901;Juneau;Louisiana
902;Bismarck;Missouri
903;Oklahoma City;Iowa
904;Saint Paul;South Dakota
905;Albany;New Mexico
906;Albany;Washington
907;Columbia;Kansas
908;Annapolis;South Carolina
909;Hartford;Florida
910;Harrisburg;Mississippi
911;Madison;Georgia
912;Bismarck;Oklahoma
913;Boston;Florida
914;Montgomery;Illinois
915;Little Rock;Mississippi
916;Albany;New Jersey
917;Annapolis;West Virginia
918;Carson City;Maryland
919;Baton Rouge;Mississippi
920;Hartford;Virginia
921;Annapolis;Wisconsin
922;Columbia;Hawaii
923;Concord;Missouri
924;Harrisburg;Nebraska
925;Richmond;Massachusetts
926;Boise;Kentucky
927;Columbia;Massachusetts
928;Nashville;Illinois
929;Columbia;Nevada
930;Nashville;Wyoming
931;Concord;Ohio
932;Salt Lake City;Oregon
933;Honolulu;Iowa
934;Nashville;Connecticut
935;Pierre;North Dakota
936;Montpelier;Iowa
937;Sacramento;Nebraska
938;Concord;Colorado
939;Topeka;Missouri
940;Montpelier;Wisconsin
941;Concord;North Carolina
942;Boston;Missouri
943;Lansing;Ohio
944;Madison;Texas
945;Hartford;Iowa
946;Charleston;Alabama
947;Albany;North Carolina
948;Atlanta;Massachusetts
949;Nashville;Alabama
950;Montpelier;Ohio
951;Nashville;Arkansas
952;Cheyenne;Wisconsin
953;Providence;Virginia
954;Boston;Indiana
955;Juneau;New Jersey
956;Lincoln;North Carolina
957;Atlanta;South Dakota
958;Albany;Maine
959;Phoenix;New York
960;Providence;North Dakota
961;Richmond;California
962;Raleigh;Virginia
963;Pierre;Kansas
964;Olympia;Louisiana
965;Saint Paul;Nevada
966;Carson City;Hawaii
967;Columbus;North Carolina
968;Providence;Kansas
969;Juneau;Pennsylvania
970;Jefferson City;Washington
971;Lincoln;Wisconsin
972;Tallahassee;New Mexico
973;Lincoln;Kansas
974;Little Rock;Alaska
975;Madison;Arkansas
976;Columbus;South Carolina
977;Richmond;Georgia
978;Lincoln;Arkansas
979;Honolulu;Kansas
980;Bismarck;Oklahoma
981;Harrisburg;South Carolina
982;Richmond;Oregon
983;Jackson;New Jersey
984;Springfield;Texas
985;Concord;Colorado
986;Springfield;Connecticut
987;Columbus;Oklahoma
988;Topeka;Mississippi
989;Denver;Pennsylvania
990;Honolulu;Iowa
991;Pierre;Kansas
992;Baton Rouge;Maine
993;Charleston;Kentucky
994;Lansing;Virginia
995;Dover;Wyoming
996;Richmond;Virginia
997;Concord;Idaho
998;Dover;Kansas
999;Topeka;Maine
1000;Salem;New York
